אוגנדה	Uganda	מלריה	ביקור - דחייה ל 12 חודשים. שהייה מעל 6 חודשים - דחייה ל 3 שנים.	
איי הבתולה הבריטיים	British Virgin Islands	נגיפים טרופיים	ביקור - דחייה ל 4 שבועות	כגון: נגיפים זיקה, דנגה, צ'יקונגוניה
איי הבתולה של ארצות הברית	U.S. Virgin Islands	נגיפים טרופיים	ביקור - דחייה ל 4 שבועות	כגון: נגיפים זיקה, דנגה, צ'יקונגוניה
איי טרקס וקייקוס	Turks and Caicos Islands	נגיפים טרופיים	ביקור - דחייה ל 4 שבועות	כגון: נגיפים זיקה, דנגה, צ'יקונגוניה
איי מרשל	Marshall Islands	נגיפים טרופיים	נגיפים טרופיים: ביקור - דחייה ל 4 שבועות	כגון: נגיפים זיקה, דנגה, צ'יקונגוניה
איי קוק	Cook Islands	נגיפים טרופיים	ביקור - דחייה ל 4 שבועות	כגון: נגיפים זיקה, דנגה, צ'יקונגוניה
איי קיימאן	Cayman Islands	נגיפים טרופיים	ביקור - דחייה ל 4 שבועות	כגון: נגיפים זיקה, דנגה, צ'יקונגוניה
איי שלמה	Solomon Islands	מלריה	ביקור - דחייה ל 12 חודשים. שהייה מעל 6 חודשים - דחייה ל 3 שנים.	
אינדונזיה	Indonesia	נגיפים טרופיים	ביקור - דחייה ל 4 שבועות	כגון: נגיפים זיקה, דנגה, צ'יקונגוניה
אינדונזיה	Indonesia	מלריה	ביקור - דחייה ל 12 חודשים, עפ"י אזורים. שהייה מעל 6 חודשים - דחייה ל 3 שנים, עפ"י אזורים.	כל האזורים של אינדונזיה המזרחית(פרובינציות Maluku, North Maluku, East Nusa Tenggara, Papua, ומערב Papua), כולל העיר Labuan Bajo ואיי Komodo באזור Nusa Tengarra. אזורים כפריים ב Kalimantan (Borneo), West Nusa Tenggara (כולל האיים של Lombok), Sulawesi, and Sumatra. סיכון נמוך באזורים כפריים של Java כולל Pangandaran, Sukabumi, and Ujung Kulong. אין סיכון בערים Jakarta ו Ubud אזורי נופש ב Bali ו- Java, האיים Gili Islands ו- Thousand Islands (Pulau Seribu).
אירן	Iran	נגיף קורונה (MERS)	ביקור - דחייה לשבועיים	
אל סלבדור	El Salvador	נגיפים טרופיים	ביקור - דחייה ל 4 שבועות	כגון: נגיפים זיקה, דנגה, צ'יקונגוניה
אנגווילה	Anguilla	נגיפים טרופיים	ביקור - דחייה ל 4 שבועות	כגון: נגיפים זיקה, דנגה, צ'יקונגוניה
אנגולה	Angola	מלריה	ביקור - דחייה ל 12 חודשים. שהייה מעל 6 חודשים - דחייה ל 3 שנים.	
אנטיגואה וברבודה	Antigua and Barbuda	נגיפים טרופיים	ביקור - דחייה ל 4 שבועות	כגון: נגיפים זיקה, דנגה, צ'יקונגוניה
אפגניסטן	Afghanistan	מלריה	ביקור - דחייה ל 12 חודשים, עפ"י אזורים. שהייה מעל 6 חודשים - דחייה ל 3 שנים, עפ"י אזורים.	מאפריל עד דצמבר באזורים נמוכים מ- 2500m
אקוודור	Ecuador	נגיפים טרופיים	ביקור - דחייה ל 4 שבועות	כגון: נגיפים זיקה, דנגה, צ'יקונגוניה
אקוודור	Ecuador	מלריה	ביקור - דחייה ל 12 חודשים עפ"י אזורים. שהייה מעל 6 חודשים - דחייה ל 3 שנים, עפ"י אזורים.	סיכון בכל האזורים הנמוכים מ 1500m בפרובינציות: Cotopaxi, Esmeraldas, Morona Santiago, Orellana, Pastaza, and Sucumbios. אין סיכון בערים Guayaquil and Quito ו- Galápagos Islands.
ארגנטינה	Argentine	נגיפים טרופיים	ביקור - דחייה ל 4 שבועות	כגון: נגיפים זיקה, דנגה, צ'יקונגוניה
ארובה	Aruba	נגיפים טרופיים	ביקור - דחייה ל 4 שבועות	כגון: נגיפים זיקה, דנגה, צ'יקונגוניה
אריתריאה	Eritrea	איידס	ביקור/שהייה - דחייה ל-3 חודשים	
אריתריאה	Eritrea	מלריה	ביקור - דחייה ל 12 חודשים עפ"י אזורים. שהייה מעל 6 חודשים - דחייה ל 3 שנים, עפ"י אזורים.	אין סיכון ב Asmara.
אתיופיה	Ethiopia	איידס	ביקור/שהייה - דחייה ל-3 חודשים	
אתיופיה	Ethiopia	מלריה	ביקור - דחייה ל 12 חודשים עפ"י אזורים. שהייה מעל 6 חודשים - דחייה ל 3 שנים, עפ"י אזורים.	סיכון בכל האזורים הנמוכים מ-2500 מ' (כולל אדיס-אבבה).
באהמס	Bahamas	איידס	ביקור/שהייה - דחייה ל-3 חודשים.	
בהוטאן	Bhutan	נגיפים טרופיים	ביקור - דחייה ל 4 שבועות	כגון: נגיפים זיקה, דנגה, צ'יקונגוניה
בוליביה	Bolivia	נגיפים טרופיים	ביקור - דחייה ל 4 שבועות	כגון: נגיפים זיקה, דנגה, צ'יקונגוניה
בוליביה	Bolivia	מלריה	ביקור - דחייה ל 12 חודשים עפ"י אזורים. שהייה מעל 6 חודשים - דחייה ל 3 שנים, עפ"י אזורים.	כל האזורים נמוכים מ- 2500m .אין סיכון בעיר La Paz
בונייר	Bonaire	נגיפים טרופיים	ביקור - דחייה ל 4 שבועות	כגון: נגיפים זיקה, דנגה, צ'יקונגוניה
בוצואנה	Botswana	איידס	ביקור/שהייה - דחייה ל-3 חודשים	
בוצואנה	Botswana	מלריה	ביקור - דחייה ל 12 חודשים עפ"י אזורים. שהייה מעל 6 חודשים - דחייה ל 3 שנים, עפ"י אזורים.	סיכון במחוזות/תתי מחוזות של Bobirwa, Boteti, Chobe (כולל Chobe National Park), Ghanzi, Mahalapaye, Ngamiland (Ngami), Northeast (כולל Francistown), Okavango, Serowe Palapye and Tutume אין סיכון ב Gaborone.
בורונדי	Burundi	מלריה	ביקור - דחייה ל 12 חודשים. שהייה מעל 6 חודשים - דחייה ל 3 שנים.	
בורקינה פאסו	Burkina Faso	מלריה	ביקור - דחייה ל 12 חודשים. שהייה מעל 6 חודשים - דחייה ל 3 שנים.	
בחריין	Bahrain	נגיף קורונה (MERS)	ביקור - דחייה לשבועיים	
בליז	Belize	איידס	ביקור/שהייה - דחייה ל-3 חודשים	
בליז	Belize	מלריה	ביקור - דחייה ל 12 חודשים עפ"י אזורים. שהייה מעל 6 חודשים - דחייה ל 3 שנים, עפ"י אזורים.	אין סיכון ב- Belize City ואזורים תיירותיים באיים.
בנגלדש	Bangladesh	נגיפים טרופיים	ביקור - דחייה ל 4 שבועות	כגון: נגיפים זיקה, דנגה, צ'יקונגוניה
בנגלדש	Bangladesh	מלריה	ביקור - דחייה ל 12 חודשים עפ"י אזורים. שהייה מעל 6 חודשים - דחייה ל 3 שנים, עפ"י אזורים.	סיכון במחוזות Chittagong Hill Tract (Bandarban, Rangamati, ו- Khagrachari); ומחוזות של Chattogram (Chittagong), Cox’s Bazar, Habiganj, Kurigram, Moulvibazar, Mymensingh, Netrakona, Sherpur, Sunamganj, ו- Sylhet. אין סיכון בעיר Dhaka.
בנין	Benin	מלריה	ביקור - דחייה ל 12 חודשים. שהייה מעל 6 חודשים - דחייה ל 3 שנים.	
ברבדוס	Barbados	איידס	ביקור /שהייה - דחייה ל-3 חודשים.	
ברוניי דארוסלאם	Brunei Darussalam	נגיפים טרופיים	ביקור - דחייה ל 4 שבועות	כגון: נגיפים זיקה, דנגה, צ'יקונגוניה
ברזיל	Brazil	נגיפים טרופיים	ביקור - דחייה ל 4 שבועות	כגון: נגיפים זיקה, דנגה, צ'יקונגוניה
ברזיל	Brazil	מלריה	ביקור - דחייה ל 12 חודשים עפ"י אזורים. שהייה מעל 6 חודשים - דחייה ל 3 שנים, עפ"י אזורים.	סיכון בכל האזורים במדינות: Acre, Amapa, Amazonas, Rondonia, Roraima, Maranhão, Mato Grosso, ו- Para. אין סיכון בערים: Brasilia, Rio de Janeiro, São Paulo, São Luis, Cuiabá, Belém וב- Iguaçu Falls.
גאנה	Ghana	מלריה	ביקור - דחייה ל 12 חודשים. שהייה מעל 6 חודשים - דחייה ל 3 שנים.	
גבון	Gabon	מלריה	ביקור - דחייה ל 12 חודשים. שהייה מעל 6 חודשים - דחייה ל 3 שנים.	
גואדלופ	Guadeloupe	נגיפים טרופיים	ביקור - דחייה ל 4 שבועות	כגון: נגיפים זיקה, דנגה, צ'יקונגוניה
גואטמלה	Guatemala	נגיפים טרופיים	ביקור - דחייה ל 4 שבועות	כגון: נגיפים זיקה, דנגה, צ'יקונגוניה
גואטמלה	Guatemala	מלריה	ביקור - דחייה ל 12 חודשים, עפ"י אזורים. שהייה מעל 6 חודשים - דחייה ל 3 שנים, עפ"י אזורים.	סיכון בפרובינציות של Alta Verapaz, Baja Verapaz, Escuintla, Izabal, and Petén. אין סיכון ב Antigua, Guatemala City, or Lake Atitlan.
גויאנה (גיאנה)	Guyana	מלריה	ביקור - דחייה ל 12 חודשים. שהייה מעל 6 חודשים - דחייה ל 3 שנים.	
גיאנה הצרפתית	French Guiana	נגיפים טרופיים	ביקור - דחייה ל 4 שבועות	כגון: נגיפים זיקה, דנגה, צ'יקונגוניה
גיאנה הצרפתית	French Guiana	מלריה	ביקור - דחייה ל 12 חודשים עפ"י אזורים. שהייה מעל 6 חודשים - דחייה ל 3 שנים, עפ"י אזורים.	אין סיכון בחוף Kourou ועיר Cayenne
ג'יבוטי	Djibouti	מלריה	ביקור - דחייה ל 12 חודשים. שהייה מעל 6 חודשים - דחייה ל 3 שנים.	
גינאה	Guinea	מלריה	ביקור - דחייה ל 12 חודשים. שהייה מעל 6 חודשים - דחייה ל 3 שנים.	
גינאה המשוונית	Equatorial Guinea	מלריה	ביקור - דחייה ל 12 חודשים. שהייה מעל 6 חודשים - דחייה ל 3 שנים.	
גינאה-ביסאו	Guinea Bissau	מלריה	ביקור - דחייה ל 12 חודשים. שהייה מעל 6 חודשים - דחייה ל 3 שנים.	
גמבייה	Gambia	מלריה	ביקור - דחייה ל 12 חודשים. שהייה מעל 6 חודשים - דחייה ל 3 שנים.	
ג'מייקה	Jamaica	איידס	ביקור/שהייה - דחייה ל-3 חודשים.	
גרנדה	Grenada	נגיפים טרופיים	ביקור - דחייה ל 4 שבועות	כגון: נגיפים זיקה, דנגה, צ'יקונגוניה
דומיניקה	Dominica	נגיפים טרופיים	ביקור - דחייה ל 4 שבועות	כגון: נגיפים זיקה, דנגה, צ'יקונגוניה
דרום אפריקה	South-Africa	איידס	ביקור/שהייה - דחייה ל-3 חודשים	
דרום אפריקה	South-Africa	מלריה	ביקור - דחייה ל 12 חודשים עפ"י אזורים. שהייה מעל 6 חודשים - דחייה ל 3 שנים, עפ"י אזורים.	סיכון לאורך הגבול עם זימבבואה ומוזמביק, במיוחד ב: מחוזות Mopani and Vhembe בפרובינציית Limpopo, מחוז Ehlanzeni בפרובינציית Mpumalanga, מחוז Umknanyakude בפרובינציית Kwazulu-Natal והפארק הלאומי ב Kruger.
דרום סודן	South Sudan	מלריה	ביקור - דחייה ל 12 חודשים. שהייה מעל 6 חודשים - דחייה ל 3 שנים.	
האיטי	Haiti	מלריה	ביקור - דחייה ל 12 חודשים. שהייה מעל 6 חודשים - דחייה ל 3 שנים.	
האיים המלדיביים	Republic of Maldives	נגיפים טרופיים	ביקור - דחייה ל 4 שבועות	כגון: נגיפים זיקה, דנגה, צ'יקונגוניה
הודו	India	מלריה	ביקור - דחייה ל 12 חודשים. שהייה מעל 6 חודשים - דחייה ל 3 שנים.	
הונדורס	Honduras	נגיפים טרופיים	ביקור - דחייה ל 4 שבועות	כגון: נגיפים זיקה, דנגה, צ'יקונגוניה
הונדורס	Honduras	מלריה	ביקור - דחייה ל 12 חודשים עפ"י אזורים. שהייה מעל 6 חודשים - דחייה ל 3 שנים, עפ"י אזורים.	אין סיכון ב: San Pedro Sula ו-Tegucigalpa בלבד.
הרפובליקה הדומיניקנית	Dominican Republic	איידס	ביקור/שהייה - דחייה ל-3 חודשים	
הרפובליקה הדומיניקנית	Dominican Republic	מלריה	ביקור - דחייה ל 12 חודשים. שהייה מעל 6 חודשים - דחייה ל 3 שנים.	
הרפובליקה הדמוקרטית של קונגו (קונגו-קינשאסה)	Democratic Republic of the Congo( Congo-Kinshasa)	מלריה	ביקור - דחייה ל 12 חודשים. שהייה מעל 6 חודשים - דחייה ל 3 שנים.	
הרפובליקה המרכז אפריקאית	Central African Republic	מלריה	ביקור - דחייה ל 12 חודשים. שהייה מעל 6 חודשים - דחייה ל 3 שנים.	
הרפובליקה של קונגו (קונגו- ברזוויל)	Congo	מלריה	ביקור - דחייה ל 12 חודשים. שהייה מעל 6 חודשים - דחייה ל 3 שנים.	
ואנואטו	Vanuatu	מלריה	ביקור - דחייה ל 12 חודשים. שהייה מעל 6 חודשים - דחייה ל 3 שנים.	
וייטנאם	Vietnam	נגיפים טרופיים	ביקור - דחייה ל 4 שבועות	כגון: נגיפים זיקה, דנגה, צ'יקונגוניה
וייטנאם	Vietnam	מלריה	ביקור - דחייה ל 12 חודשים עפ"י אזורים. שהייה מעל 6 חודשים - דחייה ל 3 שנים, עפ"י אזורים.	סיכון באזורים כפריים. אין סיכון בערים: Da Nang, Haiphong, Hanoi, Ho Shi Minh City, Nha Trang, Qui Nho.
ונצואלה	Venezuela	מלריה	ביקור - דחייה ל 12 חודשים עפ"י אזורים. שהייה מעל 6 חודשים - דחייה ל 3 שנים עפ"י אזורים.	כל האזורים הנמוכים מ 1700 מ' ומפלי אנג'ל (Angel Falls)
זימבבואה	Zimbabwe (Rhodesia)	מלריה	ביקור - דחייה ל 12 חודשים. שהייה מעל 6 חודשים - דחייה ל 3 שנים.	
זמביה	Zambia	מלריה	ביקור - דחייה ל 12 חודשים. שהייה מעל 6 חודשים - דחייה ל 3 שנים.	
חוף השנהב	Ivory Coast	מלריה	ביקור - דחייה ל 12 חודשים. שהייה מעל 6 חודשים - דחייה ל 3 שנים.	
טוגו	Togo	מלריה	ביקור - דחייה ל 12 חודשים. שהייה מעל 6 חודשים - דחייה ל 3 שנים.	
טונגה	Tonga	נגיפים טרופיים	ביקור - דחייה ל 4 שבועות	כגון: נגיפים זיקה, דנגה, צ'יקונגוניה
טוקלאו	Tokelau	נגיפים טרופיים	ביקור - דחייה ל 4 שבועות	כגון: נגיפים זיקה, דנגה, צ'יקונגוניה
טיוואן	Taiwan	נגיפים טרופיים	ביקור - דחייה ל 4 שבועות	כגון: נגיפים זיקה, דנגה, צ'יקונגוניה
טנזניה (כולל זנזיבר)	Tanzania	מלריה	ביקור - דחייה ל 12 חודשים. שהייה מעל 6 חודשים - דחייה ל 3 שנים.	
טרינידד	Trinidad and Tobago	איידס	ביקור/שהייה - דחייה ל-3 חודשים.	
ירדן	Jordan	נגיף קורונה (MERS)	ביקור - דחייה לשבועיים	
כווית	Kuwait	נגיף קורונה (MERS)	ביקור - דחייה לשבועיים	
כף ורדה	Cape Verde Islands	איידס	ביקור/שהייה - דחייה ל-3 חודשים	
לאוס	Laos	נגיפים טרופיים	ביקור - דחייה ל 4 שבועות	כגון: נגיפים זיקה, דנגה, צ'יקונגוניה
לאוס	Laos	מלריה	ביקור - דחייה ל 12 חודשים עפ"י אזורים. שהייה מעל 6 חודשים - דחייה ל 3 שנים, עפ"י אזורים.	סיכון בחלקים הדרומיים של המדינה, בפרובנציות של Attapeu, Champasak, Khammouane, Salavan, Savannakhet, ו- Sekong. מקרים בודדים בחלק הצפוני של המדינה. אין סיכון ב-Luang Prabang ו- Vientiane.
לבנון	Lebanon	נגיף קורונה (MERS)	ביקור - דחייה לשבועיים	
ליבריה	Liberia	מלריה	ביקור - דחייה ל 12 חודשים. שהייה מעל 6 חודשים - דחייה ל 3 שנים.	
לסוטו	Lesotho	איידס	ביקור/שהייה - דחייה ל-3 חודשים	
מאוריטניה	Mauritania	מלריה	ביקור - דחייה ל 12 חודשים. עפ"י אזורים. שהייה מעל 6 חודשים - דחייה ל 3 שנים. עפ"י אזורים.	אין סיכון ב Dakhlet-Nouadhibou ו- Tiris-Zemour בצפון.
מאוריציוס	Mauritius	איידס	ביקור/שהייה - דחייה ל-3 חודשים.	
מאלווי	Malawi	מלריה	ביקור - דחייה ל 12 חודשים. שהייה מעל 6 חודשים - דחייה ל 3 שנים.	
מאלי	Mali	מלריה	ביקור - דחייה ל 12 חודשים. שהייה מעל 6 חודשים - דחייה ל 3 שנים.	
מדגסקר	Madagascar	מלריה	ביקור - דחייה ל 12 חודשים עפ"י אזורים. שהייה מעל 6 חודשים - דחייה ל 3 שנים עפ"י אזורים.	אין סיכון בעיר הבירה Antananarivo.
מדיירה	Madeira	נגיפים טרופיים	ביקור - דחייה ל 4 שבועות	כגון: נגיפים זיקה, דנגה, צ'יקונגוניה
מוזמביק	Mozambique	מלריה	ביקור - דחייה ל 12 חודשים. שהייה מעל 6 חודשים - דחייה ל 3 שנים.	
מונסראט	Montserrat	נגיפים טרופיים	ביקור - דחייה ל 4 שבועות	כגון: נגיפים זיקה, דנגה, צ'יקונגוניה
מזרח טימור	East Timor	מלריה	ביקור - דחייה ל 12 חודשים. שהייה מעל 6 חודשים - דחייה ל 3 שנים.	
מיוט	Mayotte	נגיפים טרופיים	ביקור - דחייה ל 4 שבועות	כגון: נגיפים זיקה, דנגה, צ'יקונגוניה
מינאמר (בורמה)	Myanmar	מלריה	ביקור - דחייה ל 12 חודשים. שהייה מעל 6 חודשים - דחייה ל 3 שנים.	
מיקרונזיה	Micronesia	נגיפים טרופיים	ביקור - דחייה ל 4 שבועות	כגון: נגיפים זיקה, דנגה, צ'יקונגוניה
מלזיה	Malaysia	נגיפים טרופיים	ביקור - דחייה ל 4 שבועות	כגון: נגיפים זיקה, דנגה, צ'יקונגוניה
מלזיה	Malaysia	מלריה	ביקור - דחייה ל 12 חודשים עפ"י אזורים. שהייה מעל 6 חודשים - דחייה ל 3 שנים, עפ"י אזורים.	סיכון באזורים כפריים ומיוערים.
מקסיקו	Mexico	נגיפים טרופיים	ביקור - דחייה ל 4 שבועות	כגון: נגיפים זיקה, דנגה, צ'יקונגוניה
מקסיקו	Mexico	מלריה	ביקור - דחייה ל 12 חודשים עפ"י אזורים. שהייה מעל 6 חודשים - דחייה ל 3 שנים, עפ"י אזורים.	סיכון ב Campeche, Chiapas ובחלק הדרומי של Chihuahua. אין סיכון לאורך גבול ארה"ב-מקסיקו.
מרטיניק	Martinique	נגיפים טרופיים	ביקור - דחייה ל 4 שבועות	כגון: נגיפים זיקה, דנגה, צ'יקונגוניה
ניג'ר	Niger	מלריה	ביקור - דחייה ל 12 חודשים. שהייה מעל 6 חודשים - דחייה ל 3 שנים.	
ניגריה	Nigeria	מלריה	ביקור - דחייה ל 12 חודשים. שהייה מעל 6 חודשים - דחייה ל 3 שנים.	
ניקרגואה	Nicaragua	נגיפים טרופיים	ביקור - דחייה ל 4 שבועות	כגון: נגיפים זיקה, דנגה, צ'יקונגוניה
ניקרגואה	Nicaragua	מלריה	ביקור - דחייה ל 12 חודשים עפ"י אזורים. שהייה מעל 6 חודשים - דחייה ל 3 שנים, עפ"י אזורים.	סיכון ב Región Autónoma Atlántico Norte (RAAN) ו- Región Autónoma Atlántico Sur (RAAS). אין סיכון בעיר Managua.
נמיביה	Namibia	איידס	ביקור/שהייה - דחייה ל-3 חודשים	
נמיביה	Namibia	מלריה	ביקור - דחייה ל 12 חודשים עפ"י אזורים. שהייה מעל 6 חודשים - דחייה ל 3 שנים, עפ"י אזורים.	סיכון באזורים Kavango (מזרח ומערב), Kunene, Ohangwena, Omaheke, Omusati, Oshana, Oshikoto, Otjozunjupa, and Zambezi. אין סיכון בעיר Windhoek.
נפאל	Nepal	נגיפים טרופיים	ביקור - דחייה ל 4 שבועות	כגון: נגיפים זיקה, דנגה, צ'יקונגוניה
נפאל	Nepal	מלריה	ביקור - דחייה ל 12 חודשים עפ"י אזורים. שהייה מעל 6 חודשים - דחייה ל 3 שנים, עפ"י אזורים.	סיכון בפרובנציות Sudurpashchim ו- Karnali באזורים מתחת ל 2000m. אין סיכון בעיר Kathmandu, Pokhara ובמסלולי טרקים טיפוסיים באזור ההימליה.
סאבא	Saba	נגיפים טרופיים	ביקור - דחייה ל 4 שבועות	כגון: נגיפים זיקה, דנגה, צ'יקונגוניה
סאו טומה ופרינסיפה	Sao Tome and Principe	מלריה	ביקור - דחייה ל 12 חודשים. שהייה מעל 6 חודשים - דחייה ל 3 שנים.	
סודן	Sudan	מלריה	ביקור - דחייה ל 12 חודשים. שהייה מעל 6 חודשים - דחייה ל 3 שנים.	
סווזילנד	Swaziland	מלריה	ביקור - דחייה ל 12 חודשים. עפ"י אזורים. שהייה מעל 6 חודשים - דחייה ל 3 שנים. עפ"י אזורים.	סיכון באזורים מזרחיים הגובלים במוזמביק ובדרום אפריקה, כולל כל מחוז Lubombo והחצי המזרחי של המחוזות Hhohho, Manzini, ו- Shiselweni.
סומליה	Somalia	מלריה	ביקור - דחייה ל 12 חודשים. שהייה מעל 6 חודשים - דחייה ל 3 שנים.	
סורינאם	Suriname	איידס	ביקור/שהייה - דחייה ל-12 חודשים	
סורינאם	Suriname	מלריה	ביקור - דחייה ל 12 חודשים עפ"י אזורים. שהייה מעל 6 חודשים - דחייה ל 3 שנים, עפ"י אזורים.	סיכון עיקרי בפרובינציות Sipaliwini, קרוב לגבול גיאנה הצרפתית.
סיירה לאונה	Sierra Leone	מלריה	ביקור - דחייה ל 12 חודשים. שהייה מעל 6 חודשים - דחייה ל 3 שנים.	
סיישל	Seychelles	נגיפים טרופיים	ביקור - דחייה ל 4 שבועות	כגון: נגיפים זיקה, דנגה, צ'יקונגוניה
סין	China	נגיפים טרופיים	ביקור - דחייה ל 4 שבועות	כגון: נגיפים זיקה, דנגה, צ'יקונגוניה
סינגפור	Singapore	נגיפים טרופיים	ביקור - דחייה ל 4 שבועות	כגון: נגיפים זיקה, דנגה, צ'יקונגוניה
סמואה	Samoa	נגיפים טרופיים	ביקור - דחייה ל 4 שבועות	כגון: נגיפים זיקה, דנגה, צ'יקונגוניה
סמואה האמריקאית	American Samoa	נגיפים טרופיים	ביקור - דחייה ל 4 שבועות	כגון: נגיפים זיקה, דנגה, צ'יקונגוניה
סן ברתלמי	Saint Barthelemy	נגיפים טרופיים	ביקור - דחייה ל 4 שבועות	כגון: נגיפים זיקה, דנגה, צ'יקונגוניה
סן מרטן	Saint Martin	נגיפים טרופיים	ביקור - דחייה ל 4 שבועות	כגון: נגיפים זיקה, דנגה, צ'יקונגוניה
סנגל	Senegal	מלריה	ביקור - דחייה ל 12 חודשים. שהייה מעל 6 חודשים - דחייה ל 3 שנים.	
סנט אוסטטיוס	Sint Eustatius	נגיפים טרופיים	ביקור - דחייה ל 4 שבועות	כגון: נגיפים זיקה, דנגה, צ'יקונגוניה
סנט וינ.וגרנדין	Saint Vincent and the Grenadines	נגיפים טרופיים	ביקור - דחייה ל 4 שבועות	כגון: נגיפים זיקה, דנגה, צ'יקונגוניה
סנט מארטן	Sint Maarten	נגיפים טרופיים	ביקור - דחייה ל 4 שבועות	כגון: נגיפים זיקה, דנגה, צ'יקונגוניה
סנט קיטס ונוויס	Saint Kitts & Nevis	נגיפים טרופיים	ביקור - דחייה ל 4 שבועות	כגון: נגיפים זיקה, דנגה, צ'יקונגוניה
סנטה לוצ'יה	Saint Lucia	נגיפים טרופיים	ביקור - דחייה ל 4 שבועות	כגון: נגיפים זיקה, דנגה, צ'יקונגוניה
סרי לנקה	Sri Lanka	נגיפים טרופיים	ביקור - דחייה ל 4 שבועות	כגון: נגיפים זיקה, דנגה, צ'יקונגוניה
עומאן	Oman	נגיף קורונה (MERS)	ביקור - דחייה לשבועיים	
ערב הסעודית	Saudi Arabia	נגיפים טרופיים	ביקור - דחייה ל 4 שבועות	כגון: נגיפים זיקה, דנגה, צ'יקונגוניה
ערב הסעודית	Saudi Arabia	מלריה	ביקור - דחייה ל 12 חודשים. עפ"י אזורים. שהייה מעל 6 חודשים - דחייה ל 3 שנים, עפ"י אזורים.	סיכון בפרובינציות: Asir, Jizan. אין סיכון בערים- Jeddah, Mecca, Medina, Taif, Riyadh.
פאלאו	Palau	נגיפים טרופיים	ביקור - דחייה ל 4 שבועות	כגון: נגיפים זיקה, דנגה, צ'יקונגוניה
פולינזיה צרפתית	French Polynesia	נגיפים טרופיים	ביקור - דחייה ל 4 שבועות	כגון: נגיפים זיקה, דנגה, צ'יקונגוניה
פורטוריקו	Puerto Rico	נגיפים טרופיים	ביקור - דחייה ל 4 שבועות	כגון: נגיפים זיקה, דנגה, צ'יקונגוניה
פיג'י	Fiji	נגיפים טרופיים	ביקור - דחייה ל 4 שבועות	כגון: נגיפים זיקה, דנגה, צ'יקונגוניה
פיליפינים	Philippines	נגיפים טרופיים	ביקור - דחייה ל 4 שבועות	כגון: נגיפים זיקה, דנגה, צ'יקונגוניה
פיליפינים	Philippines	מלריה	ביקור - דחייה ל 12 חודשים עפ"י אזורים. שהייה מעל 6 חודשים - דחייה ל 3 שנים, עפ"י אזורים.	סיכון באיי Palawan ו- Mindanao. אין סיכון במטרופולין של Manila ואזורים עירוניים אחרים.
פנמה	Panama	נגיפים טרופיים	ביקור - דחייה ל 4 שבועות	כגון: נגיפים זיקה, דנגה, צ'יקונגוניה
פנמה	Panama	מלריה	ביקור - דחייה ל 12 חודשים עפ"י אזורים. שהייה מעל 6 חודשים - דחייה ל 3 שנים, עפ"י אזורים.	סיכון בפרובינציות: Bocas del Toro, Chiriquí, Colón, Darién, Panamá, Panamá Oeste, Veraguas, Emberá, Kuna Yala , Ngäbe-Buglé אין סיכון באזור תעלת פנמה, ו- Panama City.
פפואה ניו-גינאה	Papua New Guinea	מלריה	ביקור - דחייה ל 12 חודשים עפ"י אזורים. שהייה מעל 6 חודשים - דחייה ל 3 שנים עפ"י אזורים.	סיכון בכל האזורים הנמוכים מ-2000 מ'.
פקיסטן	Pakistan	מלריה	ביקור - דחייה ל 12 חודשים עפ"י אזורים. שהייה מעל 6 חודשים - דחייה ל 3 שנים עפ"י אזורים.	סיכון באזורים נמוכים מ- 2500 מ'.
פרגואי	Paraguay	נגיפים טרופיים	ביקור - דחייה ל 4 שבועות	כגון: נגיפים זיקה, דנגה, צ'יקונגוניה
פרו	Peru	נגיפים טרופיים	ביקור - דחייה ל 4 שבועות	כגון: נגיפים זיקה, דנגה, צ'יקונגוניה
פרו	Peru	מלריה	ביקור - דחייה ל 12 חודשים. עפ"י אזורים. שהייה מעל 6 חודשים - דחייה ל 3 שנים, עפ"י אזורים.	סיכון באזורים נמוכים מ 2500m, מזרחית ל-Andes כולל Iquitos ו- Puerto Maldonado אין סיכון באזורים הבאים: פרובינציית Lima, הערים Arequipa, Ica, Moquegua, Nazca, Puno, ו- Tacna, אזורי הרמה התיירותיים (Cuzco, Machu Picchu, ואגם Titicaca) ולאורך חוף האוקיינוס השקט.
צ'אד	Chad	מלריה	ביקור - דחייה ל 12 חודשים. שהייה מעל 6 חודשים - דחייה ל 3 שנים.	
קובה	Cuba	נגיפים טרופיים	ביקור - דחייה ל 4 שבועות	כגון: נגיפים זיקה, דנגה, צ'יקונגוניה
קולומביה	Colombia	נגיפים טרופיים	ביקור - דחייה ל 4 שבועות	כגון: נגיפים זיקה, דנגה, צ'יקונגוניה
קולומביה	Colombia	מלריה	מלריה: ביקור - דחייה ל 12 חודשים עפ""י אזורים. שהייה מעל 6 חודשים - דחייה ל 3 שנים, עפ"י אזורים.	סיכון בכל האזורים נמוכים מ 1700m. אין סיכון ב Bogota ו- Cartagena ו Medellin.
קומורו	Comoros	מלריה	ביקור - דחייה ל 12 חודשים. שהייה מעל 6 חודשים - דחייה ל 3 שנים.	
קוסטה ריקה	Costa Rica	נגיפים טרופיים	ביקור - דחייה ל 4 שבועות	כגון: נגיפים זיקה, דנגה, צ'יקונגוניה
קוסטה ריקה	Costa Rica	מלריה	ביקור - דחייה ל 12 חודשים, עפ"י אזורים. שהייה מעל 6 חודשים - דחייה ל 3 שנים, עפ"י אזורים.	סיכון בפרובינציות: Alajuela ו- Limon.
קוסראה	Kosrae	נגיפים טרופיים	ביקור - דחייה ל 4 שבועות	כגון: נגיפים זיקה, דנגה, צ'יקונגוניה
קוראסאו	Curacao	נגיפים טרופיים	ביקור - דחייה ל 4 שבועות	כגון: נגיפים זיקה, דנגה, צ'יקונגוניה
קוריאה הדרומית	South Korea	מלריה	ביקור - דחייה ל 12 חודשים, עפ"י אזורים. שהייה מעל 6 חודשים - דחייה ל 3 שנים, עפ"י אזורים.	סיכון במרץ-דצמבר באזורים כפריים בחלקים הצפוניים של הפרובינציות Incheon, Kangwon , Kyônggi כולל האזור המפורז(DMZ).
קוריאה הצפונית	North Korea	מלריה	ביקור - דחייה ל 12 חודשים, עפ"י אזורים. שהייה מעל 6 חודשים - דחייה ל 3 שנים, עפ"י אזורים.	סיכון בפרובינציות הדרומיות
קטר	Qatar	נגיף קורונה (MERS)	ביקור - דחייה לשבועיים	
קיריבאטי	Kiribati	נגיפים טרופיים	ביקור - דחייה ל 4 שבועות	כגון: נגיפים זיקה, דנגה, צ'יקונגוניה
קלדוניה החדשה	New Caledonia	נגיפים טרופיים	ביקור - דחייה ל 4 שבועות	כגון: נגיפים זיקה, דנגה, צ'יקונגוניה
קמבודיה	Cambodia	נגיפים טרופיים	ביקור - דחייה ל 4 שבועות	כגון: נגיפים זיקה, דנגה, צ'יקונגוניה
קמבודיה	Cambodia	מלריה	ביקור - דחייה ל 12 חודשים, עפ"י אזורים. שהייה מעל 6 חודשים - דחייה ל 3 שנים, עפ"י אזורים.	אין סיכון בערים Phnom Penh ו- Siem Reap ובמתחם המקדש המרכזי ב- Angkor Wat.
קמרון	Cameroon	מלריה	ביקור - דחייה ל 12 חודשים. שהייה מעל 6 חודשים - דחייה ל 3 שנים.	
קניה	Kenya	מלריה	ביקור - דחייה ל 12 חודשים עפ"י אזורים. שהייה מעל 6 חודשים - דחייה ל 3 שנים עפ"י אזורים.	סיכון בכל האזורים הנמוכים מ-2500 מ'. מקרים בודדים בעיר הבירה ניירובי.
ראוניון	Reunion	נגיפים טרופיים	ביקור - דחייה ל 4 שבועות	כגון: נגיפים זיקה, דנגה, צ'יקונגוניה
רואנדה	Rwanda	מלריה	ביקור - דחייה ל 12 חודשים. שהייה מעל 6 חודשים - דחייה ל 3 שנים.	
תאילנד	Thailand	איידס	ביקור/שהייה - דחייה ל-3 חודשים	
תאילנד	Thailand	מלריה	ביקור - דחייה ל 12 חודשים, עפ"י אזורים. שהייה מעל 6 חודשים - דחייה ל 3 שנים, עפ"י אזורים.	סיכון בפרובינציות הגובלות ב Burma , Cambodia (אין סיכון ב Buri Ram) ו-Malaysia (במיוחד באזורים כפריים מיוערים). אין סיכון בערים Bangkok, Chiang Mai, Chiang Rai ו-Pattaya ובאיים Koh Phangan, Koh Samui, Phuket ובפרובינציית האי Krabi (Koh Phi Phi, Koh Yao Noi, Koh Yao Yai, ו- Ko Lanta).
תימן	Yemen	נגיפים טרופיים	ביקור - דחייה ל 4 שבועות	כגון: נגיפים זיקה, דנגה, צ'יקונגוניה
תימן	Yemen	מלריה	ביקור - דחייה ל 12 חודשים, עפ"י אזורים. שהייה מעל 6 חודשים - דחייה ל 3 שנים, עפ"י אזורים.	סיכון בכל האזורים נמוכים מ 2000m . אין סיכון ב- Sana'a.
